{
    "rmse": 0.7889230006053035,
    "mae": 0.6500876783222412,
    "r2": 0.018333607132503316
}