{
    "rmse": 0.11861724472236979,
    "mae": 0.6502924445250521,
    "r2": 0.018044158408788258
}