{
    "rmse": 0.1186017404695756,
    "mae": 0.6500876783222412,
    "r2": 0.018333607132503316
}