{
    "rmse": 0.11272483888676271,
    "mae": 0.6091265712772923,
    "r2": 0.11691887052105998
}